employee_id,employee_name,job_title,hire_date,department_id,location
1,QDXRZDDU,Engineer,2010-12-28,10,Chicago
2,WXSYQLLV,Clerk,2020-03-16,10,New York
3,KFLAMTSH,Analyst,2013-07-08,38,Chicago
4,YOAAMJPZ,Analyst,2011-05-30,20,Houston
5,CSNWTHNN,Analyst,2011-03-25,37,New York
6,PGQRRROP,Clerk,2015-01-30,13,Houston
7,PXNALXOI,Manager,2023-08-10,36,Chicago
8,JZHESPHU,Engineer,2019-10-03,6,Chicago
9,GQPORHTA,Clerk,2016-11-25,29,Chicago
10,MDBUGQHG,Manager,2018-06-09,16,Chicago
11,TPXTRJEU,Manager,2013-11-29,21,San Francisco
12,GENAZZPV,Clerk,2020-11-11,37,Chicago
13,VTKJRSEP,Analyst,2012-07-11,35,Houston
14,VBGVBMMM,Analyst,2018-08-04,49,New York
15,YXGRKGNL,Manager,2015-11-30,43,Chicago
16,HUJINYCN,Analyst,2016-12-22,17,Houston
17,JVPQHHUG,Analyst,2018-02-27,36,Chicago
18,PLRGRUNR,Engineer,2016-03-31,34,San Francisco
19,ZIAABKNR,Manager,2017-04-03,19,San Francisco
20,JSGAQBPX,Analyst,2010-11-10,45,Chicago
21,,Manager,2017-02-26,2,Houston
22,,Clerk,2018-06-11,9,Chicago
23,,Analyst,2016-03-06,50,San Francisco
24,,Engineer,2012-11-03,50,Houston
25,,Engineer,2019-07-22,5,New York
26,,Manager,2017-03-19,45,Chicago
27,,Clerk,2020-11-27,46,Chicago
28,,Manager,2014-11-14,48,San Francisco
29,,Clerk,2023-12-29,21,Chicago
30,,Analyst,2020-08-31,24,Chicago
31,,Analyst,2013-01-29,50,New York
32,CRMXLEAA,Clerk,2011-11-29,29,New York
33,ZGKUQMZV,Engineer,2015-12-20,48,Houston
34,ZAIISKFR,Analyst,2013-11-05,14,Chicago
35,NYWNTGBT,Engineer,2012-11-09,12,Houston
36,MAXQGQAQ,Analyst,2015-04-14,21,San Francisco
37,XVCPVBVC,Engineer,2012-10-10,30,Houston
38,PQBFIVTK,Manager,2010-08-15,15,San Francisco
39,DROIZFBE,Clerk,2015-01-03,30,Chicago
40,BHTEJEGP,Clerk,2023-06-19,24,Houston
41,DUQJEWCA,Analyst,2015-07-17,22,Chicago
42,YSPHSUMD,Analyst,2023-08-07,13,Chicago
43,DHLGERPS,Engineer,2016-09-18,44,Houston
44,PCVHKOEZ,Manager,2015-09-17,46,Chicago
45,ZQWZNMQF,Analyst,2021-09-23,17,San Francisco
46,BCDVXMEX,Analyst,2012-12-16,17,San Francisco
47,BJFGQXLC,Manager,2023-10-16,39,Chicago
48,BNEANBGL,Clerk,2016-05-09,48,New York
49,PKTXFCFG,Manager,2018-09-26,2,New York
50,KFXBPBLF,Engineer,2017-03-15,9,San Francisco
51,PEJLFJHI,Clerk,2017-01-07,8,Chicago
52,AOHCMKTF,Clerk,2019-01-06,42,Chicago
53,HEUYXPOF,Clerk,2022-08-27,27,San Francisco
54,KNWFMMAL,Clerk,2019-10-27,28,Houston
55,WGLFYYXX,Clerk,2022-02-18,26,New York
56,KBZTNLKV,Manager,2018-01-26,32,San Francisco
57,SCMCTSKF,Analyst,2020-11-03,4,New York
58,JGZARELO,Analyst,2017-09-14,34,New York
59,PZMDSEWQ,Analyst,2017-01-27,4,Houston
60,SAQKRNHT,Clerk,2010-06-11,33,Chicago
61,SPOFRQIY,Clerk,2011-08-17,dept_99,San Francisco
62,NXJBJMBJ,Analyst,2018-12-04,dept_99,Chicago
63,QSOUDIOQ,Engineer,2021-05-18,dept_99,Chicago
64,TTWSTTIX,Manager,2018-02-10,dept_99,Houston
65,NKBJLNVM,Engineer,2020-08-24,dept_99,San Francisco
66,NVXLJRSZ,Clerk,2019-04-14,dept_99,Houston
67,WEWCKEYC,Clerk,2022-04-29,21,New York
68,ECDDFYAK,Analyst,2011-10-26,35,Chicago
69,RYMKTAEA,Clerk,2013-02-06,32,New York
70,UVNIPRUM,Engineer,2011-06-26,19,Chicago
71,RNOLOXHU,Manager,2023-12-12,37,San Francisco
71,FJHVDHYQ,Manager,2018-02-22,22,Houston
71,ENEESXUE,Analyst,2012-05-17,41,New York
71,DZOLJFSR,Manager,2015-08-29,5,San Francisco
71,ZDLZNDAY,Manager,2011-03-08,48,San Francisco
71,TYYEZONQ,Manager,2023-03-29,5,Chicago
77,HXZTZRUS,Analyst,2021-09-18,37,New York
78,XICMBRDA,Engineer,2013-04-21,6,Houston
79,QFJIPFNU,Engineer,2016-12-03,36,San Francisco
80,TFCWRYZK,Analyst,2013-03-15,50,San Francisco
81,MPNBRKSL,Manager,2012-04-10,8,San Francisco
82,KAIILOFX,Analyst,2014-07-10,35,San Francisco
83,TKLESXSK,Clerk,2013-02-10,11,Houston
84,VPDHZNIY,Clerk,2017-09-11,33,San Francisco
85,PJAQHEMO,Manager,2011-04-21,6,San Francisco
86,XFVHMVHP,Clerk,2017-09-11,37,New York
87,MTFUEHQQ,Engineer,2013-08-19,30,Chicago
88,DRHEXQAT,Manager,2023-11-15,40,San Francisco
89,MZPJMLGR,Manager,2012-10-16,42,New York
90,ZVJTAGPD,Manager,2015-01-11,13,Houston
91,LSJBJQYB,Analyst,2021-08-27,49,Houston
92,HQBFQTPE,Analyst,2016-09-14,5,Houston
93,IIVUHSJN,Engineer,2021-10-03,50,San Francisco
94,JDDHUKXE,Manager,2013-07-07,44,Houston
95,FNVUORYV,Manager,2011-10-22,28,San Francisco
96,SSUKXDDA,Manager,2015-07-04,18,Houston
97,JRDLZNZE,Clerk,2011-02-03,30,Houston
98,HTDDSRHF,Engineer,2014-09-30,29,Chicago
99,ZLTCAMLF,Manager,2015-10-27,48,Chicago
100,ARPMXBHA,Manager,2015-12-12,10,Chicago
101,CDPPFRAD,Analyst,2010-03-16,42,Houston
102,THPJWUPN,Engineer,2022-11-11,22,Chicago
103,BVTNSZET,Clerk,2019-07-04,5,Chicago
104,ASYXWMSE,Manager,2012-04-16,12,San Francisco
105,RCVZLNKT,Analyst,2011-05-15,42,Chicago
106,IMNMJHSC,Engineer,2010-05-18,37,Chicago
107,MKLTRVFK,Clerk,2015-09-29,22,New York
108,ZLWXUYJA,Clerk,2023-11-17,30,San Francisco
109,RRKNRDKS,Manager,2020-02-14,34,Chicago
110,ZTXEJFFV,Clerk,2015-03-01,50,San Francisco
111,KGLMTTPT,Clerk,2017-07-20,45,San Francisco
112,UYJRYZND,Clerk,2020-09-25,48,New York
113,LDMGYATV,Manager,2015-03-16,28,Houston
114,MAEPIHQT,Engineer,2017-02-23,2,Chicago
115,RNMMHMNO,Clerk,2020-11-30,26,New York
116,VOATZWDL,Manager,2013-12-20,37,San Francisco
117,WLAERUXE,Analyst,2011-07-01,19,Chicago
118,LIKTOMOO,Manager,2023-09-27,1,San Francisco
119,MOEBGPJR,Clerk,2022-10-21,40,Houston
120,THBPDJVP,Analyst,2015-06-27,25,Chicago
121,TQJLZKBG,Analyst,2015-09-28,2,New York
122,GICRWCEN,Clerk,2011-12-05,1,Houston
123,ARKNKAMA,Clerk,2016-07-31,15,Houston
124,IOICMRFM,Engineer,2014-06-14,21,Houston
125,VREHZFQZ,Analyst,2019-02-14,28,Houston
126,BWFGHOUQ,Clerk,2022-12-17,10,New York
127,YSPPHONL,Engineer,2023-12-24,17,San Francisco
128,JBVNHRIK,Manager,2018-02-26,15,New York
129,GNROWQNE,Manager,2022-12-20,38,Houston
130,MRVYGQVW,Manager,2017-10-10,44,New York
131,XYSBFMGT,Analyst,2019-04-08,50,Chicago
132,TVKWXQVG,Analyst,2017-04-13,21,Houston
133,HERGGDAU,Analyst,2015-02-05,35,San Francisco
134,IMZKXFHA,Engineer,2017-10-27,30,New York
135,UHOQBSUB,Clerk,2011-11-17,42,Chicago
136,XIHBYXRX,Engineer,2021-09-23,43,New York
137,KVVGONDR,Manager,2014-06-08,13,Chicago
138,PUNMCPUI,Manager,2023-11-29,50,Chicago
139,VTUTYFCF,Clerk,2022-09-18,37,New York
140,HKWBNSCO,Manager,2013-12-02,23,Houston
141,MGHUDMJI,Engineer,2012-05-25,46,Houston
142,QXATUBXR,Manager,2022-11-27,37,San Francisco
143,GKQSXRNG,Analyst,2016-09-27,10,Houston
144,LAYYXHYT,Clerk,2013-09-27,13,San Francisco
145,HWELIVQU,Engineer,2013-05-28,50,Houston
146,HCUMTYIK,Analyst,2023-09-08,10,Chicago
147,XCEGBKSO,Clerk,2010-06-12,14,Chicago
148,ISTQELQA,Manager,2015-05-29,20,Chicago
149,FHOCGSTQ,Clerk,2019-01-05,12,San Francisco
150,DPKYLWDE,Manager,2010-09-27,7,Houston
151,PIHCJKJV,Analyst,2011-09-24,2,San Francisco
152,OAAOPFCM,Analyst,2012-06-24,35,Chicago
153,GWBQPDYE,Clerk,2019-07-04,39,New York
154,OANUYVMF,Clerk,2018-11-28,3,New York
155,FYVGTJLF,Engineer,2015-07-08,50,Chicago
156,FVSEEUAZ,Analyst,2014-06-30,9,New York
157,GLGPQCMW,Clerk,2010-07-24,35,New York
158,ZKFJLPBO,Manager,2011-08-05,23,New York
159,BYMJPRUS,Manager,2012-04-20,5,Houston
160,VANJZRDX,Clerk,2014-09-16,21,San Francisco
161,BEEMIMCS,Engineer,2017-03-28,21,San Francisco
162,LGIZMZHJ,Clerk,2016-04-16,15,San Francisco
163,LXGVYNLE,Engineer,2012-05-24,43,San Francisco
164,TMYOXQLE,Analyst,2011-11-21,14,San Francisco
165,BEMEMDXM,Engineer,2020-12-14,13,New York
166,LZOLCSDJ,Clerk,2018-08-08,20,Houston
167,FHVTVORF,Engineer,2013-11-23,11,New York
168,ZATEXGMC,Manager,2011-11-03,28,Chicago
169,IHZDJYCI,Analyst,2013-03-17,18,New York
170,ALSMQHRI,Manager,2020-03-15,15,New York
171,BQLYZXUD,Clerk,2012-08-01,14,Houston
172,WUHUTOPC,Clerk,2013-12-20,50,Houston
173,GGUKAFKK,Engineer,2020-03-26,23,Houston
174,QYEHUTXX,Clerk,2016-12-14,2,Houston
175,PJCJFLKG,Clerk,2020-11-03,9,Houston
176,PCKJEQCN,Clerk,2023-09-01,29,San Francisco
177,ZRQSYNQC,Engineer,2021-08-31,8,Chicago
178,MCUHZRHG,Analyst,2016-06-19,25,San Francisco
179,LOOXNNKM,Clerk,2020-01-01,2,New York
180,SVJPTATM,Analyst,2020-01-19,29,Chicago
181,UVBKSIST,Engineer,2014-10-20,48,Chicago
182,LVIXVFCZ,Clerk,2016-06-10,48,San Francisco
183,GRLAKARL,Analyst,2015-04-23,14,Houston
184,KRTSHVQR,Clerk,2011-01-06,25,Chicago
185,ZRUCDEVS,Analyst,2023-07-20,4,Houston
186,EAMDGVWO,Analyst,2022-04-07,29,New York
187,CUDKDXTL,Engineer,2015-04-16,29,San Francisco
188,MALGHVKI,Manager,2011-03-01,26,Chicago
189,CWLKMPTZ,Clerk,2022-12-08,13,Houston
190,AKNSYXWG,Clerk,2012-06-13,14,San Francisco
191,BAOOGQXD,Engineer,2011-08-21,50,San Francisco
192,QQLLESML,Manager,2018-05-21,25,Chicago
193,NPRXWSMW,Engineer,2016-05-25,38,New York
194,SKKYQJMZ,Analyst,2022-11-02,8,Chicago
195,EFRCMEEM,Analyst,2014-08-15,6,Houston
196,UYMGOZJG,Manager,2011-07-27,12,New York
197,REWNUICF,Clerk,2015-09-22,33,Chicago
198,OMZUUUOX,Clerk,2020-01-18,38,New York
199,WWPCBYUZ,Engineer,2021-09-12,47,New York
200,TZUPWCON,Clerk,2022-08-30,34,New York
201,EDFJSSTM,Analyst,2014-06-22,8,Chicago
202,WEJVDFZT,Engineer,2023-11-10,11,New York
203,AVMHEGSK,Engineer,2014-02-26,49,San Francisco
204,QGTNUDLX,Clerk,2021-10-03,14,New York
205,XYNRYLUS,Clerk,2017-04-11,8,New York
206,NBIKULKA,Analyst,2019-12-28,32,New York
207,XDOZZUWZ,Engineer,2023-07-20,48,Chicago
208,KXSWSIIV,Analyst,2019-10-29,39,Houston
209,XPDKQXQQ,Analyst,2014-03-18,23,Chicago
210,LIVQUWCN,Clerk,2018-08-04,48,New York
211,KSWNOFNI,Analyst,2010-04-08,21,Chicago
212,IQAXOGVH,Analyst,2018-10-21,27,New York
213,KNTVGNDT,Engineer,2022-05-28,13,San Francisco
214,YLOAIGTP,Analyst,2022-12-16,14,San Francisco
215,SYRVGHRV,Manager,2020-04-08,6,Houston
216,ODJTCNFU,Analyst,2018-08-24,33,San Francisco
217,LDLKCLDF,Analyst,2022-10-28,24,San Francisco
218,CRKOUWPQ,Clerk,2010-12-10,31,Chicago
219,ZRYTKENM,Engineer,2022-10-11,17,New York
220,LZNNSLAE,Clerk,2011-09-03,33,San Francisco
221,OXDWCJHN,Analyst,2014-09-24,8,Chicago
222,DHJHADUK,Analyst,2016-04-09,30,San Francisco
223,YHHETAOB,Engineer,2015-01-29,2,Houston
224,BMILIJVV,Engineer,2017-02-21,1,San Francisco
225,DDQTRDSC,Analyst,2023-11-04,25,San Francisco
226,QQKXIBRL,Engineer,2015-09-11,27,Houston
227,HCEAQUIQ,Clerk,2016-05-13,26,New York
228,QCYOTYNT,Manager,2022-09-02,7,New York
229,NARNZHFV,Manager,2013-03-23,23,New York
230,VPCNIPMY,Engineer,2012-12-27,24,Chicago
231,IEANJCZO,Engineer,2023-08-20,20,Chicago
232,HETEYRBY,Manager,2017-08-23,5,New York
233,ESHCDXGY,Manager,2014-10-16,28,Chicago
234,XBGPGNNY,Clerk,2017-04-29,42,San Francisco
235,HIOBAQXA,Clerk,2012-02-21,20,San Francisco
236,OPCTQDOL,Analyst,2018-05-07,15,New York
237,WNUDOEGY,Analyst,2015-10-07,45,Houston
238,YOBVYQQE,Clerk,2020-08-03,6,San Francisco
239,BXHGRZVF,Manager,2023-08-17,42,San Francisco
240,VHENBCSV,Clerk,2022-06-09,42,Chicago
241,SZWFNUWY,Engineer,2015-10-15,25,Houston
242,QZSHRIFY,Engineer,2020-11-14,31,Houston
243,IXDXPAAE,Analyst,2015-06-15,2,Houston
244,OSMKCWQO,Analyst,2012-12-03,18,New York
245,XVLDZJPK,Engineer,2014-04-27,47,New York
246,VVZDJFAT,Manager,2012-10-08,42,Chicago
247,TRSEVQVF,Engineer,2016-03-24,21,San Francisco
248,ZZAMSPAZ,Clerk,2023-05-02,3,Chicago
249,QCHNEFTR,Engineer,2014-12-20,10,San Francisco
250,PEPTDYWW,Analyst,2016-08-23,16,San Francisco
251,SHWAZRPR,Analyst,2022-01-20,12,Houston
252,WALRQWIV,Clerk,2023-05-07,37,San Francisco
253,KDNMNBSB,Clerk,2016-12-26,1,Houston
254,XNIKIWUZ,Engineer,2020-01-06,9,New York
255,FRYXFIBQ,Manager,2010-01-08,34,Chicago
256,ALAUYVGM,Analyst,2016-12-30,10,New York
257,YVVNGBPL,Engineer,2011-04-21,9,Houston
258,CLDZXJXS,Clerk,2016-01-21,45,New York
259,UBUBPLCB,Engineer,2011-04-30,31,New York
260,BWKQKWUQ,Manager,2023-09-10,49,Chicago
261,LMLQCQRA,Analyst,2022-09-29,3,Houston
262,NPCASPVX,Analyst,2016-04-04,4,San Francisco
263,DNJMQEDB,Manager,2022-06-30,39,Chicago
264,DPNQJPOD,Engineer,2019-08-27,14,Chicago
265,MPHZNRDG,Analyst,2019-02-22,48,San Francisco
266,VOBIZQFB,Clerk,2017-09-23,43,Houston
267,EMRMSWOI,Manager,2023-07-15,19,San Francisco
268,HICWXMXQ,Clerk,2018-01-03,24,Chicago
269,SMFMTVUJ,Analyst,2010-09-16,40,Houston
270,KVAAJODL,Manager,2010-10-10,27,Houston
271,QXJZFHFG,Analyst,2015-03-14,11,Houston
272,EWGFEGCV,Engineer,2021-04-28,27,Houston
273,DRXIFLJJ,Clerk,2018-02-24,12,New York
274,ENUQLSDW,Manager,2016-03-17,12,Houston
275,DENSILQX,Analyst,2018-10-06,34,New York
276,TPWHDGQH,Analyst,2023-12-29,10,Houston
277,DNPMSUUP,Engineer,2011-09-05,48,New York
278,EKWTJNES,Clerk,2011-11-19,43,Chicago
279,NMYMPQUQ,Manager,2020-02-08,12,Houston
280,FXLGFLJE,Engineer,2011-09-05,24,Houston
281,VGCTHNFB,Clerk,2016-04-26,8,Chicago
282,NILLJMHA,Manager,2018-04-02,11,Houston
283,LGBXHNOC,Analyst,2014-11-17,2,Chicago
284,HFDJOIRG,Analyst,2017-02-04,32,New York
285,TTVEPDWS,Clerk,2017-05-20,14,New York
286,OGUHJZYV,Analyst,2020-11-02,20,San Francisco
287,TARZYWFS,Engineer,2011-07-29,26,New York
288,FGPOMVIC,Manager,2015-03-26,41,Chicago
289,VLYKLWAD,Manager,2023-12-27,24,San Francisco
290,WHTMRJFL,Engineer,2019-11-14,17,Chicago
291,TTRHPOAD,Analyst,2011-11-01,40,New York
292,ZZOUXOKJ,Manager,2021-12-13,21,New York
293,YBKMIZQH,Engineer,2013-07-07,2,New York
294,EREVPAFX,Analyst,2012-07-12,2,Chicago
295,KFHNLJAI,Clerk,2013-01-30,22,Houston
296,XKZDKTKX,Clerk,2014-03-10,2,San Francisco
297,FWIVREOI,Analyst,2014-05-14,31,Chicago
298,FSLFZLVP,Clerk,2010-09-04,3,New York
299,GIOMMBCQ,Clerk,2020-02-29,48,Houston
300,XJVUKVWK,Engineer,2014-04-10,10,San Francisco
301,EQLKRSCS,Analyst,2016-07-28,27,Chicago
302,BXEWNRBS,Analyst,2016-02-22,3,New York
303,XXKTDJTN,Analyst,2020-07-31,35,San Francisco
304,UKEFBAQR,Analyst,2015-04-24,25,New York
305,MIKFAGSD,Clerk,2023-10-05,49,Houston
306,RMLCRSLM,Manager,2018-05-28,39,San Francisco
307,HEVPEDTE,Clerk,2010-08-15,47,San Francisco
308,RAHLESXN,Clerk,2019-09-18,34,Chicago
309,LBQNRRCR,Manager,2010-09-22,11,New York
310,LPBJFGXF,Manager,2013-10-27,11,San Francisco
311,AAAVRBYC,Clerk,2019-09-28,7,Houston
312,VRSBNVIQ,Analyst,2011-10-08,1,San Francisco
313,QYKLGCIA,Clerk,2018-03-10,23,New York
314,RAFFRHQB,Engineer,2015-03-15,15,New York
315,XKTMZSUX,Engineer,2016-11-09,6,Houston
316,OGCIQKYU,Clerk,2017-08-04,27,San Francisco
317,DETRZRBA,Analyst,2023-11-26,5,New York
318,XLNTNSAA,Engineer,2013-02-28,8,Chicago
319,TDGLGCDM,Manager,2011-08-11,31,New York
320,FJQGSZLW,Analyst,2022-07-08,30,San Francisco
321,DIUBUKVT,Analyst,2014-12-27,27,Chicago
322,FTIFBXZU,Analyst,2012-09-12,35,San Francisco
323,SFWNEQBM,Analyst,2021-03-03,29,Houston
324,YBZYDEOU,Clerk,2019-03-03,9,San Francisco
325,FNLMEFLP,Clerk,2020-06-28,39,Chicago
326,HOZFWMYJ,Engineer,2013-05-26,41,Houston
327,JMKPLEYM,Manager,2010-07-09,1,New York
328,TLCXHNOE,Manager,2012-09-07,20,San Francisco
329,JHHOMISF,Analyst,2014-08-26,31,San Francisco
330,XAWSJKKK,Clerk,2014-09-12,31,San Francisco
331,TJIZBXZD,Clerk,2017-02-06,17,Chicago
332,YETYUTJS,Engineer,2021-04-29,9,Houston
333,QJBKLGMX,Analyst,2023-10-18,21,Chicago
334,JSARDPYD,Clerk,2022-02-20,43,San Francisco
335,GPREDCSJ,Manager,2013-01-03,35,Chicago
336,SZCXWELR,Clerk,2016-05-15,24,Houston
337,NNXPTTYW,Manager,2018-11-22,40,New York
338,COUVGFTS,Clerk,2012-06-14,43,Houston
339,AEMCUKKH,Engineer,2014-08-02,46,Houston
340,LEEDMNCO,Engineer,2017-12-19,7,Houston
341,FFTVEZWL,Clerk,2012-07-19,31,Chicago
342,XCQCCDBA,Manager,2022-01-02,32,San Francisco
343,GMTAGYRU,Manager,2011-12-25,48,Houston
344,BFUJNZGM,Engineer,2018-01-19,37,Chicago
345,TPIRIIGJ,Analyst,2012-12-25,13,New York
346,KPZWUAWK,Manager,2022-07-15,9,Houston
347,VYADNYTG,Manager,2012-07-24,15,New York
348,LRWNRAQY,Clerk,2016-04-14,33,Houston
349,IQWZTRGM,Clerk,2010-06-05,9,San Francisco
350,TUJYYMRS,Analyst,2012-12-06,10,San Francisco
351,CKPSWWUS,Manager,2015-05-13,15,New York
352,AMCVZZMX,Clerk,2016-11-06,43,New York
353,YMOGEYSC,Analyst,2021-07-21,6,New York
354,ZAYIJHSR,Analyst,2023-11-12,48,San Francisco
355,YRRXQMUI,Analyst,2020-06-27,7,Houston
356,FOYBIXTS,Engineer,2012-05-04,46,New York
357,RUZLGGHC,Analyst,2011-10-02,26,San Francisco
358,IPEYODIJ,Clerk,2016-02-17,19,Chicago
359,TIPEKLUU,Manager,2014-05-22,40,San Francisco
360,YDRPCAWI,Clerk,2011-03-18,7,Chicago
361,VHFRDHTW,Clerk,2022-09-03,16,Houston
362,VAINRHWO,Clerk,2013-08-29,15,Chicago
363,QFHZBVDS,Analyst,2020-02-18,17,Chicago
364,WYFTYUWS,Clerk,2012-08-06,12,Chicago
365,HVXEAKKM,Manager,2019-03-28,47,Chicago
366,JKBSHXSO,Manager,2011-04-05,43,New York
367,CIUWBYHR,Clerk,2022-09-21,20,New York
368,PLMXFUFQ,Analyst,2011-01-28,22,Houston
369,JWCUWJZR,Engineer,2020-10-13,46,San Francisco
370,EBJMYDNI,Analyst,2014-11-23,30,New York
371,LDSGDKHP,Clerk,2023-07-12,43,Houston
372,ETUZRCMV,Manager,2016-03-07,38,San Francisco
373,JQLADDQX,Engineer,2013-02-12,34,San Francisco
374,FPZMSCPJ,Clerk,2020-06-05,34,New York
375,ZSHDISWN,Clerk,2022-12-25,37,Houston
376,KSKVUNBV,Clerk,2016-09-20,18,Houston
377,OVQTFRDW,Clerk,2014-01-06,49,New York
378,SALIBOQC,Manager,2020-01-23,9,New York
379,GTCDHZEZ,Engineer,2013-10-09,21,San Francisco
380,RGBYXHND,Manager,2017-02-10,28,New York
381,MIXZPNRR,Manager,2010-05-22,24,Houston
382,BADWFDOP,Engineer,2017-04-13,43,San Francisco
383,HSKOGQEL,Clerk,2022-08-02,10,New York
384,YRYDFQHQ,Engineer,2012-04-19,38,New York
385,QSOQNEVI,Analyst,2019-11-28,48,San Francisco
386,UJZGHNRK,Manager,2020-09-22,3,Houston
387,ICXUDUHC,Manager,2011-08-19,48,Chicago
388,ZFYUDNWP,Clerk,2015-03-20,25,Houston
389,UCJOHHCB,Engineer,2010-10-08,41,San Francisco
390,ITEURUOW,Analyst,2011-02-28,4,Houston
391,KPGRSRDO,Engineer,2021-12-14,13,New York
392,GXQJURKL,Clerk,2021-08-20,12,San Francisco
393,LJMHYNSY,Manager,2014-10-17,1,San Francisco
394,FQCHUVQB,Manager,2023-01-10,10,Chicago
395,GCOCHYVA,Clerk,2015-05-22,41,New York
396,YRYDMRRN,Analyst,2021-03-12,3,New York
397,DAEVALNI,Manager,2021-06-10,16,San Francisco
398,ZRXZYRBL,Manager,2018-01-25,11,Chicago
399,EYTXEJDJ,Clerk,2013-12-20,26,Chicago
400,BMEZIRVW,Manager,2016-05-20,21,San Francisco
401,WHMGAQKX,Analyst,2023-11-24,1,Chicago
402,YYNXYXWB,Manager,2016-01-30,37,Houston
403,ALHCJSKA,Analyst,2020-05-17,31,San Francisco
404,LFNXKXAU,Engineer,2017-09-11,31,New York
405,GMJJXNHZ,Engineer,2022-12-12,23,Houston
406,RLDTAWSC,Manager,2014-03-12,13,Houston
407,HDKIARYY,Clerk,2023-05-15,41,San Francisco
408,ZDMMRDTU,Clerk,2018-03-10,37,Chicago
409,KSTVDYUD,Manager,2022-04-21,26,New York
410,IARBVLPA,Clerk,2013-02-17,29,San Francisco
411,MHCLQSEH,Manager,2012-07-22,14,San Francisco
412,CGSRLMUC,Manager,2013-12-31,30,San Francisco
413,SPEWQDDK,Clerk,2017-06-16,40,Chicago
414,HEDAFWJN,Engineer,2016-11-17,17,Houston
415,SZFLBLBC,Analyst,2010-10-13,35,New York
416,JYSGXEAR,Manager,2010-09-22,29,Houston
417,IHHPLGMI,Manager,2016-06-25,8,New York
418,CRRUDJVT,Clerk,2019-06-10,48,San Francisco
419,PPGHPCCQ,Engineer,2023-06-18,18,Chicago
420,PBZWVFLC,Engineer,2014-10-29,42,San Francisco
421,YQHMTNDD,Engineer,2018-05-07,50,San Francisco
422,KSXTVOJJ,Clerk,2016-07-09,33,Chicago
423,QDLMNYUE,Clerk,2016-03-19,22,New York
424,HZHYBZEV,Clerk,2010-02-10,22,New York
425,MNNBLNOK,Engineer,2010-03-09,12,New York
426,PFAOPAYN,Clerk,2012-09-14,17,Houston
427,NSGWHGDF,Analyst,2020-12-22,22,New York
428,NHQYHDWB,Engineer,2018-10-04,32,San Francisco
429,ZZFDQQZI,Engineer,2023-02-12,50,Chicago
430,YWGDXHZQ,Clerk,2016-11-29,36,Chicago
431,AJSHGARW,Clerk,2012-12-21,30,New York
432,YPSRYGQP,Engineer,2016-10-15,43,San Francisco
433,FLIFQWKL,Analyst,2014-08-21,7,New York
434,SLDMMLVE,Clerk,2016-05-04,43,San Francisco
435,OYEHIXVR,Engineer,2012-02-18,22,New York
436,EDLLQKSD,Analyst,2022-07-26,49,Houston
437,TACJCAVY,Clerk,2014-05-05,34,New York
438,DUGYPUAU,Clerk,2014-02-01,17,New York
439,OVWCDTXV,Clerk,2011-10-23,5,Houston
440,HMGOGOAB,Engineer,2013-09-10,24,New York
441,OCXKAFFK,Engineer,2013-07-23,28,San Francisco
442,JHXRRSXM,Manager,2020-10-15,42,New York
443,ZFYHBIJY,Analyst,2015-06-10,2,New York
444,CBDLIELX,Engineer,2015-08-07,35,New York
445,RQHWHMJG,Manager,2019-08-18,9,Houston
446,XUUWZUDD,Analyst,2012-11-24,7,Houston
447,LUZVCLSD,Clerk,2012-09-03,15,Chicago
448,IDTJMMZP,Analyst,2022-07-14,30,Houston
449,QDYXJOOM,Manager,2011-12-29,8,Houston
450,NFCSNUVF,Manager,2016-12-02,8,San Francisco
451,CJFWJMDC,Clerk,2018-08-03,36,Houston
452,XJWUDLVO,Manager,2010-12-09,46,Chicago
453,YKFFTDSD,Analyst,2013-12-18,19,Chicago
454,TSLBCPMP,Engineer,2016-07-07,9,Houston
455,EDDGAVKT,Analyst,2020-01-08,23,Houston
456,MDNYMSLQ,Engineer,2011-06-11,20,San Francisco
457,ACBQPEEK,Clerk,2015-03-12,29,Houston
458,LYLSGOHF,Clerk,2023-01-07,28,Chicago
459,YHCJYTKB,Manager,2015-09-05,36,San Francisco
460,KVZPCSMQ,Analyst,2023-06-17,6,San Francisco
461,KJBJLHCJ,Analyst,2011-02-10,33,Chicago
462,UIGECFAX,Analyst,2014-04-23,12,San Francisco
463,EFYGCOBZ,Clerk,2022-08-06,26,Houston
464,MBCIZTYN,Analyst,2020-03-29,33,Chicago
465,IKJDRIXN,Clerk,2021-09-14,13,San Francisco
466,NUAUMWAE,Analyst,2021-07-29,10,Chicago
467,RCQYGFRD,Analyst,2015-01-21,44,New York
468,SZNZPNTL,Engineer,2014-01-18,15,Houston
469,DHQYBSRG,Manager,2016-07-23,50,Chicago
470,ZPYOZCAT,Manager,2012-02-11,2,San Francisco
471,IWUXMLEH,Analyst,2011-08-02,13,New York
472,BOJBSLZZ,Engineer,2017-12-11,47,Houston
473,TLYYZMJH,Manager,2010-07-13,48,Houston
474,KQRLNQIC,Analyst,2015-07-01,23,San Francisco
475,KLWZBZBU,Analyst,2013-03-31,34,Houston
476,SOECJOWF,Analyst,2016-07-22,39,San Francisco
477,WRJMNVCE,Analyst,2018-03-18,50,Chicago
478,CYKLKBIP,Manager,2014-11-28,10,San Francisco
479,FTCLOYDF,Analyst,2013-01-15,37,Houston
480,OZUBVUZF,Clerk,2020-12-19,34,Houston
481,FATKGEDH,Clerk,2016-03-11,34,Houston
482,CWLKFXEB,Analyst,2020-03-25,4,Houston
483,XLZHFYMN,Manager,2020-05-21,35,Houston
484,UZLXOVOX,Manager,2015-04-21,24,Houston
485,FSPDRVTV,Manager,2023-05-08,35,Houston
486,TAXYMIUR,Analyst,2021-12-06,15,Houston
487,GSZYWQQP,Clerk,2011-12-31,45,Chicago
488,ATESUPFF,Analyst,2021-12-27,34,Chicago
489,ERYJJHHV,Manager,2019-06-14,11,Chicago
490,DMZKJVLZ,Engineer,2022-03-16,24,Houston
491,IYLJOELH,Manager,2022-06-03,11,San Francisco
492,RRQSYXCC,Analyst,2015-11-11,7,San Francisco
493,VCAYCTQO,Manager,2014-07-03,44,San Francisco
494,QNURWFUO,Engineer,2017-09-01,11,San Francisco
495,CWYJUMXQ,Analyst,2023-08-03,41,San Francisco
496,UKYUNGRH,Analyst,2010-05-22,41,San Francisco
497,XXRAXAAU,Clerk,2013-12-26,40,Chicago
498,VNTIEOLO,Clerk,2023-02-18,15,Houston
499,KQKBYLYK,Manager,2023-12-12,49,Houston
500,SKIEGSDD,Analyst,2015-09-28,46,Chicago
501,PKTXVEIC,Manager,2013-08-18,10,Chicago
502,AAUDQOZO,Analyst,2023-08-17,35,San Francisco
503,ATZQUEQF,Analyst,2013-04-28,40,Houston
504,FVSUJGBC,Clerk,2013-03-05,28,San Francisco
505,DAZWCYDD,Clerk,2022-09-25,13,Houston
506,GECVXFCU,Manager,2022-04-27,18,New York
507,KMQFKXQL,Clerk,2023-08-28,4,Houston
508,EHXRQWDI,Manager,2022-11-11,26,Chicago
509,JZPANGDP,Clerk,2010-12-07,19,Houston
510,NNTFJXAD,Clerk,2020-06-25,25,New York
511,CRDHFCSQ,Engineer,2015-05-23,34,San Francisco
512,MVLYXGFV,Engineer,2011-12-05,27,San Francisco
513,SZCUPEFS,Analyst,2022-01-31,31,Chicago
514,LLPHICJF,Manager,2016-08-26,30,San Francisco
515,JXVLXYGK,Analyst,2014-12-06,21,Houston
516,PWYNKCVL,Manager,2023-06-14,9,Houston
517,EGFJDIAR,Manager,2022-09-23,47,San Francisco
518,SFOIGBHF,Manager,2012-05-05,20,Houston
519,FOSYUROQ,Analyst,2014-12-18,1,New York
520,RLVFBMBH,Engineer,2017-11-06,5,San Francisco
521,DLPPGAAU,Manager,2019-12-22,17,Houston
522,OAMDZANN,Analyst,2010-07-02,46,San Francisco
523,IAMVKHII,Clerk,2018-07-10,36,Chicago
524,CUMBHZMQ,Clerk,2022-04-20,43,San Francisco
525,XVYCFVDZ,Engineer,2014-02-26,20,Houston
526,WSFCSVVN,Manager,2023-09-12,14,San Francisco
527,ARBWBBHG,Manager,2013-09-18,47,San Francisco
528,RUJSYPDI,Analyst,2015-12-15,40,Houston
529,DPWXQRNG,Engineer,2019-12-09,39,Chicago
530,MMHUMCTS,Clerk,2019-12-08,5,Houston
531,JVGQWSBM,Engineer,2021-03-20,4,San Francisco
532,FRMKMIVT,Analyst,2018-11-14,49,San Francisco
533,NIYSRWCD,Engineer,2020-02-09,27,Houston
534,XKLQFKBL,Analyst,2010-01-19,9,Chicago
535,RYPCLCCA,Engineer,2019-04-27,10,New York
536,LGMNJDOJ,Engineer,2022-10-24,31,New York
537,FKLILJBJ,Clerk,2022-06-18,11,New York
538,YFEEHPNC,Manager,2018-03-24,49,New York
539,BGCCXOGN,Manager,2013-02-06,16,New York
540,HWSKKFVR,Analyst,2019-02-22,26,New York
541,MEFQSHAE,Manager,2019-01-25,11,New York
542,XQTWRERE,Manager,2019-03-27,42,Chicago
543,ILZRLAZW,Manager,2012-09-14,27,New York
544,ETAJMAWM,Clerk,2019-02-04,26,Chicago
545,BARHFNTU,Manager,2022-08-21,38,Chicago
546,CUIMJORG,Engineer,2023-07-26,13,San Francisco
547,LVHINRWV,Analyst,2010-06-23,16,San Francisco
548,MHNQDKFZ,Analyst,2020-03-30,23,San Francisco
549,JAPSLFCX,Engineer,2018-05-11,5,Chicago
550,JCHQOXZW,Manager,2011-12-28,15,New York
551,EXJIPYHE,Engineer,2020-04-18,18,Chicago
552,PSVDUOUJ,Manager,2015-02-19,9,Chicago
553,CAYDRNHO,Analyst,2021-01-16,26,Houston
554,EMBHLFVD,Engineer,2012-09-16,8,Houston
555,MAJVBDWU,Manager,2020-04-02,47,Chicago
556,NYOYSDTL,Manager,2017-05-10,48,San Francisco
557,XHAYGRKK,Manager,2011-02-24,38,Chicago
558,XXXPELWU,Clerk,2011-08-17,44,Chicago
559,DTGKFHHY,Clerk,2014-11-10,10,New York
560,LEUVCNSN,Engineer,2016-09-25,14,San Francisco
561,RJJMYLXA,Engineer,2012-07-24,29,San Francisco
562,TCDXUPJQ,Analyst,2020-06-05,10,San Francisco
563,XWBVDRMT,Engineer,2010-11-28,44,Houston
564,NVCHZCPV,Manager,2019-06-12,18,New York
565,ORWDPNSS,Clerk,2017-05-26,49,Houston
566,NOZDXQEQ,Engineer,2020-12-20,21,San Francisco
567,SYUQFBDW,Clerk,2023-11-03,1,Houston
568,NGCANKYH,Engineer,2020-08-04,41,Chicago
569,MEGWGPLR,Clerk,2021-07-02,8,San Francisco
570,DDADTGNS,Manager,2010-07-21,34,New York
571,FMHCPJHK,Engineer,2016-11-02,20,San Francisco
572,UMVDHDKP,Manager,2015-01-17,34,Houston
573,AQRLXJDW,Clerk,2015-02-10,7,New York
574,LAENWFXN,Analyst,2015-06-20,50,New York
575,NEDROLWD,Engineer,2012-06-28,41,San Francisco
576,URYBVMZP,Clerk,2021-10-15,39,Houston
577,ESNRGSPP,Engineer,2022-10-03,31,Houston
578,PVBATGRM,Clerk,2018-09-25,15,Houston
579,RIGUXUCW,Manager,2012-02-10,43,Houston
580,SJZXBGAT,Clerk,2018-08-22,29,San Francisco
581,LJQAECLD,Engineer,2016-11-06,20,New York
582,QOFMRFTL,Analyst,2017-06-07,8,Chicago
583,NUCAYCAD,Clerk,2022-12-08,35,Houston
584,AUOWIRYS,Analyst,2019-10-26,48,San Francisco
585,NEFVNJXW,Clerk,2014-06-17,40,Houston
586,ULQWODNC,Manager,2011-01-22,30,New York
587,MBOAVHVK,Analyst,2019-05-15,10,Houston
588,JWEHNGNP,Clerk,2020-12-22,5,Chicago
589,IQOXPYZQ,Analyst,2021-03-17,49,Chicago
590,AKFXBFVI,Analyst,2021-12-12,47,New York
591,TXBMUOPV,Analyst,2016-10-02,22,Chicago
592,UIBKTYXM,Manager,2016-04-01,18,New York
593,DSCMFJMU,Analyst,2015-01-31,3,San Francisco
594,WFYAUFPJ,Analyst,2015-06-22,25,San Francisco
595,RAMKJDSO,Analyst,2013-05-21,17,Chicago
596,DDQXJIXG,Clerk,2022-10-14,8,Houston
597,CAKTVNBU,Engineer,2021-05-07,41,San Francisco
598,WGBBLHIP,Manager,2013-02-24,30,New York
599,XZDKRRBY,Clerk,2021-10-28,28,San Francisco
600,FSVXWLHJ,Engineer,2013-12-02,38,Chicago
601,OWGXIOCJ,Analyst,2014-12-25,11,Chicago
602,KYMCXVNH,Clerk,2016-05-13,46,New York
603,ODSUAGLT,Clerk,2013-02-04,45,Chicago
604,YAVHPHZB,Manager,2017-04-12,32,Houston
605,WJAJLFJR,Manager,2019-08-02,49,New York
606,NRATYXTI,Engineer,2011-01-10,19,Houston
607,VGTFASQW,Clerk,2015-10-22,15,San Francisco
608,UYTUOYYH,Analyst,2021-01-03,34,Chicago
609,ZNLSTGYM,Engineer,2015-07-15,7,Chicago
610,ZGXHRHZU,Clerk,2020-02-23,6,San Francisco
611,HOBHGGQU,Analyst,2018-12-04,47,Chicago
612,AHRVWLAA,Manager,2019-05-29,39,New York
613,AJQOKPCX,Manager,2015-03-05,39,Houston
614,OYLGUGMF,Engineer,2014-12-29,24,Chicago
615,EWRGRENL,Manager,2014-01-14,16,San Francisco
616,IOFYZZAV,Manager,2016-02-21,43,New York
617,WOBGCNCC,Analyst,2018-11-18,32,San Francisco
618,FOVRBLHA,Analyst,2018-08-01,45,Chicago
619,PJZXJYHA,Analyst,2015-09-02,28,Chicago
620,JHDPCFIS,Clerk,2010-12-26,27,Houston
621,TUSYJPRD,Engineer,2015-08-04,4,Houston
622,TQYYZOZQ,Analyst,2013-02-15,41,Chicago
623,TODWUPRN,Manager,2014-06-24,7,New York
624,IFOXIUZG,Manager,2020-12-14,50,Chicago
625,IZSLYKCO,Analyst,2015-04-28,18,Houston
626,BJMFUFVZ,Manager,2023-01-27,47,New York
627,YGXRRPUI,Manager,2019-03-16,47,Chicago
628,DKNDMWFE,Clerk,2018-02-28,18,New York
629,LEKTSMCW,Manager,2010-01-07,17,San Francisco
630,VAEBNNKK,Manager,2018-12-12,41,New York
631,DSGHIVIP,Manager,2014-05-11,33,New York
632,CSBXYXQT,Analyst,2023-06-30,22,Chicago
633,LTSTSPVN,Clerk,2018-12-09,27,Houston
634,DAPRLIES,Clerk,2017-02-19,43,San Francisco
635,HUGMBNNN,Analyst,2018-10-25,17,Houston
636,YHJTYBYW,Manager,2018-12-18,23,Houston
637,TLHWIJEH,Analyst,2012-07-02,6,Houston
638,MFEYGPCG,Clerk,2015-07-05,1,New York
639,HCONEPBX,Analyst,2013-12-13,7,Chicago
640,NFMVJHYL,Analyst,2018-05-13,46,Houston
641,LDLXSXDX,Manager,2019-09-17,32,Chicago
642,MCDHRZUT,Analyst,2021-07-23,16,Chicago
643,FBEILTRB,Analyst,2023-06-14,38,Houston
644,RXACSNEO,Analyst,2018-01-07,32,Houston
645,VQYQGPWF,Analyst,2015-01-04,15,Chicago
646,FMMEMDQC,Clerk,2011-07-30,38,San Francisco
647,NSFLMPSB,Analyst,2012-07-18,28,Chicago
648,RPQGJNYW,Clerk,2020-04-17,43,Chicago
649,VWRMQPOH,Clerk,2020-02-17,18,San Francisco
650,FZXTKLGL,Clerk,2014-01-03,7,Houston
651,EYRJKDWV,Engineer,2018-12-20,50,Chicago
652,WPRAGFWK,Clerk,2023-06-30,46,Chicago
653,OIRKVLGB,Engineer,2012-11-20,32,New York
654,MFQBLFWN,Clerk,2015-03-16,36,Houston
655,UCZPDOYA,Analyst,2013-12-28,39,New York
656,JUIJTBBF,Manager,2013-10-31,37,Chicago
657,NZVKSHEJ,Clerk,2019-05-09,25,New York
658,KOGAVTNN,Analyst,2011-03-19,39,New York
659,UBHAQRAT,Engineer,2019-12-30,34,San Francisco
660,VJKVWWBN,Manager,2022-09-27,43,New York
661,STATOXCP,Manager,2013-03-24,25,San Francisco
662,KVWULTHL,Analyst,2022-03-17,3,New York
663,CZOJLFKH,Analyst,2013-06-11,39,San Francisco
664,HSNJZSYT,Analyst,2019-12-14,7,Chicago
665,SLPAULMC,Engineer,2015-01-16,38,New York
666,IDQCOFYP,Analyst,2016-04-28,42,San Francisco
667,CKVNVTBM,Clerk,2012-06-29,7,San Francisco
668,KTVARPWG,Clerk,2021-11-19,37,New York
669,FOMMYGLM,Analyst,2022-09-12,7,New York
670,OTTXLCDA,Manager,2020-12-23,8,New York
671,NDFWCXMQ,Manager,2015-12-10,49,New York
672,NDWKADZS,Clerk,2015-12-13,16,Chicago
673,WHIXOEHR,Analyst,2010-05-04,24,New York
674,UYJPMFIT,Engineer,2018-08-25,38,San Francisco
675,ZYESMIEM,Engineer,2012-02-25,44,Houston
676,ZASFCLCQ,Manager,2016-08-13,46,Chicago
677,PBQWIAFH,Manager,2012-03-07,39,New York
678,XLSJTYOQ,Analyst,2021-06-04,27,New York
679,FPCFEODN,Clerk,2021-05-17,26,New York
680,QJOWPZTQ,Clerk,2015-04-21,46,San Francisco
681,XFAGFYPD,Engineer,2015-11-27,48,San Francisco
682,MACZDULM,Clerk,2020-06-04,3,New York
683,HTGKUSJV,Clerk,2013-07-25,23,San Francisco
684,ICPFEQHD,Manager,2021-05-26,42,New York
685,LLSGDXQE,Analyst,2018-08-07,29,New York
686,WWUILQWX,Clerk,2018-11-11,30,New York
687,EJYZFJFP,Engineer,2016-06-10,37,Houston
688,IXXNAHQQ,Engineer,2015-04-17,34,San Francisco
689,KZSHBOAS,Engineer,2017-06-14,3,San Francisco
690,MPLETQOC,Analyst,2010-12-31,26,New York
691,JPSSEWCV,Analyst,2023-06-18,41,New York
692,DLSIWHWR,Analyst,2016-07-18,48,Houston
693,TIRXXEZS,Clerk,2012-08-04,50,Chicago
694,JARKRBFT,Analyst,2013-10-09,28,San Francisco
695,DGEBPRKQ,Engineer,2013-12-10,43,Houston
696,VYIODMVC,Clerk,2018-09-16,2,San Francisco
697,YCXECIQA,Manager,2023-04-20,14,Houston
698,EAQLWYIR,Engineer,2010-12-07,37,San Francisco
699,YWTTIJHH,Analyst,2018-03-09,12,Houston
700,OKVHFZGL,Clerk,2011-01-18,2,Chicago
